breaking news : pss sleman tahan imbang kalteng putra, peluang lolos ke final liga 2 terbuka lebar 
wkt pulang dr jogja mau share foto ini tapi lupa.... ğŸ¤£ 
pelatih pss sleman syukuri hasil imbang lawan kalteng putra, "leg kedua kami harus menang" 
keutamaan dan doa puasa sunnah senin kamis bagi umat muslim 
link live streaming useetv liga 2 2018 kalteng putra vs pss sleman, super elja tak gentar 
raih satu poin di kandang kalteng putra, ini kata pelatih pss sleman  
pss sleman tahan imbang kalteng putra di palangkaraya dengan skor 0-0  
pesawat garuda indonesia tergelincir di ujung landas pacu di bandara adisutjipto yogyakarta 
m irfan berdoa yang terbaik untuk pss dan psim 
selamat hari guru nasional. tetaplah menjadi pelita penerang anak-anak bangsa, dan menjadi sosok inspiratif yang seâ€¦ 
kalteng putra vs pss sleman, cristian gonzales diragukan tampil 
pss sleman vs kalteng putra : kalteng putra akan sulitkan langkah pss raih tiket ke final  
jadi wisata terpopuler ke-2 di indonesia, pengembangan lava bantal ditingkatkan 
pemain pss dibayangi kelelahan jelang laga penentu ke liga 1 lawan kalteng putra 
kubah lava makin besar, status gunung merapi masih waspada 
breaking news : pss sleman tahan imbang kalteng putra, peluang lolos ke final liga 2 terbuka lebar 
wkt pulang dr jogja mau share foto ini tapi lupa.... ğŸ¤£ 
pelatih pss sleman syukuri hasil imbang lawan kalteng putra, "leg kedua kami harus menang" 
keutamaan dan doa puasa sunnah senin kamis bagi umat muslim 
link live streaming useetv liga 2 2018 kalteng putra vs pss sleman, super elja tak gentar 
raih satu poin di kandang kalteng putra, ini kata pelatih pss sleman  
pss sleman tahan imbang kalteng putra di palangkaraya dengan skor 0-0  
pesawat garuda indonesia tergelincir di ujung landas pacu di bandara adisutjipto yogyakarta 
selamat hari guru nasional. tetaplah menjadi pelita penerang anak-anak bangsa, dan menjadi sosok inspiratif yang seâ€¦ 
kalteng putra vs pss sleman, cristian gonzales diragukan tampil 
pss sleman vs kalteng putra : kalteng putra akan sulitkan langkah pss raih tiket ke final  
jadi wisata terpopuler ke-2 di indonesia, pengembangan lava bantal ditingkatkan 
kita sampai jogja sekitar jam 16.30!  bakal ada sesuatu yang special, ada yang bisa tebak?ğŸ˜› #jkt48ontrain @kai121â€¦ 
di jogja ngapain aja dari kemarin? @cindvia_jkt48: jajan makanan khas jogja. @melati_jkt48: nyobain kolam renang joâ€¦ 
maturnuwun nggih jogja buat 2 hari yang menyenangkan ini!! selalu senang kalo pulang, kalian terbaikkâ¤ï¸ 
